{
	"credit": "Made with Blockbench",
	"texture_size": [32, 32],
	"textures": {
		"0": "block/texture",
		"particle": "block/texture"
	},
	"elements": [
		{
			"name": "handle",
			"from": [1.5, 0.05, 3.15],
			"to": [5.5, 1.95, 5.15],
			"rotation": {"angle": -45, "axis": "y", "origin": [4.08579, 1, 4.32843]},
			"faces": {
				"north": {"uv": [0, 7, 2, 8], "texture": "#0"},
				"east": {"uv": [1.5, 8.5, 2.5, 9.5], "texture": "#0"},
				"south": {"uv": [7, 6, 9, 7], "texture": "#0"},
				"west": {"uv": [2.5, 8.5, 3.5, 9.5], "texture": "#0"},
				"up": {"uv": [9, 8, 7, 7], "texture": "#0"},
				"down": {"uv": [9.5, 0, 7.5, 1], "texture": "#0"}
			}
		},
		{
			"name": "handle",
			"from": [0.5, -0.5, 0.5],
			"to": [3.5, 2.5, 3.5],
			"rotation": {"angle": 0, "axis": "y", "origin": [5.5, 1, 1.5]},
			"faces": {
				"north": {"uv": [6, 0, 7.5, 1.5], "texture": "#0"},
				"east": {"uv": [6, 1.5, 7.5, 3], "texture": "#0"},
				"south": {"uv": [2.5, 6, 4, 7.5], "texture": "#0"},
				"west": {"uv": [6, 3, 7.5, 4.5], "texture": "#0"},
				"up": {"uv": [5.5, 7.5, 4, 6], "texture": "#0"},
				"down": {"uv": [7, 6, 5.5, 7.5], "texture": "#0"}
			}
		},
		{
			"name": "hilt",
			"from": [3.5, 0, 3],
			"to": [8.5, 2, 5],
			"rotation": {"angle": 45, "axis": "y", "origin": [8, 1, 5]},
			"faces": {
				"north": {"uv": [0, 5, 2.5, 6], "texture": "#0"},
				"east": {"uv": [3.5, 8.5, 4.5, 9.5], "texture": "#0"},
				"south": {"uv": [2.5, 5, 5, 6], "texture": "#0"},
				"west": {"uv": [0, 9, 1, 10], "texture": "#0"},
				"up": {"uv": [7.5, 6, 5, 5], "texture": "#0"},
				"down": {"uv": [2.5, 6, 0, 7], "texture": "#0"}
			}
		},
		{
			"name": "hilt",
			"from": [7.20355, 0, 2.58868],
			"to": [10.20355, 2, 4.58868],
			"rotation": {"angle": 22.5, "axis": "y", "origin": [8.70355, 1, 3.58868]},
			"faces": {
				"north": {"uv": [7.5, 1, 9, 2], "texture": "#0"},
				"east": {"uv": [9, 1, 10, 2], "texture": "#0"},
				"south": {"uv": [2, 7.5, 3.5, 8.5], "texture": "#0"},
				"west": {"uv": [9, 2, 10, 3], "texture": "#0"},
				"up": {"uv": [9, 3, 7.5, 2], "texture": "#0"},
				"down": {"uv": [9, 3, 7.5, 4], "texture": "#0"}
			}
		},
		{
			"name": "hilt",
			"from": [2.85, 0, 6.7],
			"to": [4.85, 2, 9.7],
			"rotation": {"angle": -22.5, "axis": "y", "origin": [3.00176, 1, 8.11522]},
			"faces": {
				"north": {"uv": [9, 3, 10, 4], "texture": "#0"},
				"east": {"uv": [3.5, 7.5, 5, 8.5], "texture": "#0"},
				"south": {"uv": [9, 4, 10, 5], "texture": "#0"},
				"west": {"uv": [7.5, 4, 9, 5], "texture": "#0"},
				"up": {"uv": [6, 9, 5, 7.5], "texture": "#0"},
				"down": {"uv": [7, 7.5, 6, 9], "texture": "#0"}
			}
		},
		{
			"name": "blade",
			"from": [7, 0.25, 0.9],
			"to": [18.75, 1.75, 3.9],
			"rotation": {"angle": -45, "axis": "y", "origin": [2, 1, 3.41421]},
			"faces": {
				"north": {"uv": [0, 3, 6, 4], "texture": "#0"},
				"east": {"uv": [7.5, 5, 9, 6], "texture": "#0"},
				"south": {"uv": [0, 4, 6, 5], "texture": "#0"},
				"west": {"uv": [0, 8, 1.5, 9], "texture": "#0"},
				"up": {"uv": [6, 1.5, 0, 0], "texture": "#0"},
				"down": {"uv": [6, 1.5, 0, 3], "texture": "#0"}
			}
		},
		{
			"name": "tip",
			"from": [13.5, 0.26, 13.5],
			"to": [15.6, 1.74, 15.6],
			"rotation": {"angle": 0, "axis": "y", "origin": [2, 0, 2]},
			"faces": {
				"north": {"uv": [6, 4.5, 7, 5], "texture": "#0"},
				"east": {"uv": [4.5, 9, 5.5, 9.5], "texture": "#0"},
				"south": {"uv": [9, 5, 10, 5.5], "texture": "#0"},
				"west": {"uv": [5.5, 9, 6.5, 9.5], "texture": "#0"},
				"up": {"uv": [8, 9, 7, 8], "texture": "#0"},
				"down": {"uv": [9, 8, 8, 9], "texture": "#0"}
			}
		}
	],
	"gui_light": "front",
	"display": {
		"thirdperson_righthand": {
			"rotation": [-45, 0, 90],
			"translation": [-7, 4.25, 1.5]
		},
		"thirdperson_lefthand": {
			"rotation": [-135, 0, 90],
			"translation": [-7, 4.25, 1.5]
		},
		"firstperson_righthand": {
			"rotation": [-38, 0, 90],
			"translation": [0, 3.75, -3.75]
		},
		"firstperson_lefthand": {
			"rotation": [-128, 0, 90],
			"translation": [0, 3.75, -3.75]
		},
		"ground": {
			"rotation": [-45, 0, 90],
			"translation": [-7, 8, 0]
		},
		"gui": {
			"rotation": [-90, 0, -180]
		},
		"head": {
			"rotation": [-90, 135, 0],
			"translation": [0, 8.5, -7]
		},
		"fixed": {
			"rotation": [-90, 0, 0],
			"translation": [0, 0, -7]
		}
	}
}